doc_id,reference_lung_rads,cl_lung_rads,llm_lung_rads,cl_llm_agree,cl_correct,llm_correct,cl_error_flagged_by_disagreement
1,0,0,0,TRUE,TRUE,TRUE,FALSE
2,N/A,N/A,2,FALSE,TRUE,FALSE,FALSE
3,4X,4X,4X,TRUE,TRUE,TRUE,FALSE
4,N/A,N/A,2,FALSE,TRUE,FALSE,FALSE
5,4,4,4,TRUE,TRUE,TRUE,FALSE
6,4,4,4,TRUE,TRUE,TRUE,FALSE
7,1,1,1,TRUE,TRUE,TRUE,FALSE
8,4X,4X,4X,TRUE,TRUE,TRUE,FALSE
9,0,0,0,TRUE,TRUE,TRUE,FALSE
10,3,3,3,TRUE,TRUE,TRUE,FALSE
11,4,4,4,TRUE,TRUE,TRUE,FALSE
12,4X,4X,4X,TRUE,TRUE,TRUE,FALSE
13,4,4,4,TRUE,TRUE,TRUE,FALSE
14,N/A,N/A,N/A,TRUE,TRUE,TRUE,FALSE
15,1,1,1,TRUE,TRUE,TRUE,FALSE
16,2,2,2,TRUE,TRUE,TRUE,FALSE
17,4B,4B,4B,TRUE,TRUE,TRUE,FALSE
18,3,3,3,TRUE,TRUE,TRUE,FALSE
19,4,4,4,TRUE,TRUE,TRUE,FALSE
20,4,4,4,TRUE,TRUE,TRUE,FALSE
21,N/A,N/A,2,FALSE,TRUE,FALSE,FALSE
22,4A,4A,4A,TRUE,TRUE,TRUE,FALSE
23,N/A,N/A,1,FALSE,TRUE,FALSE,FALSE
24,4A,4A,4A,TRUE,TRUE,TRUE,FALSE
25,4A,4A,4A,TRUE,TRUE,TRUE,FALSE
26,1,N/A,1,FALSE,FALSE,TRUE,TRUE
27,N/A,4A,N/A,FALSE,FALSE,TRUE,TRUE
28,1,1,1,TRUE,TRUE,TRUE,FALSE
29,0,0,0,TRUE,TRUE,TRUE,FALSE
30,0,0,0,TRUE,TRUE,TRUE,FALSE
31,1,1,1,TRUE,TRUE,TRUE,FALSE
32,3,3,3,TRUE,TRUE,TRUE,FALSE
33,N/A,N/A,2,FALSE,TRUE,FALSE,FALSE
34,N/A,N/A,2,FALSE,TRUE,FALSE,FALSE
35,2,2,2,TRUE,TRUE,TRUE,FALSE
36,4X,4X,4X,TRUE,TRUE,TRUE,FALSE
37,4,4,4,TRUE,TRUE,TRUE,FALSE
38,4A,4A,4A,TRUE,TRUE,TRUE,FALSE
39,4A,4A,4A,TRUE,TRUE,TRUE,FALSE
40,4B,4B,4B,TRUE,TRUE,TRUE,FALSE
41,4X,4X,4X,TRUE,TRUE,TRUE,FALSE
42,4B,4B,4B,TRUE,TRUE,TRUE,FALSE
43,0,0,0,TRUE,TRUE,TRUE,FALSE
44,3,3,3,TRUE,TRUE,TRUE,FALSE
45,4,4,4,TRUE,TRUE,TRUE,FALSE
46,4X,4X,4X,TRUE,TRUE,TRUE,FALSE
47,4,4,4,TRUE,TRUE,TRUE,FALSE
48,4,4,4B,FALSE,TRUE,FALSE,FALSE
49,4X,4X,4X,TRUE,TRUE,TRUE,FALSE
50,4B,4B,4B,TRUE,TRUE,TRUE,FALSE
51,4A,4A,4A,TRUE,TRUE,TRUE,FALSE
52,4,4,4,TRUE,TRUE,TRUE,FALSE
53,4A,4A,4A,TRUE,TRUE,TRUE,FALSE
54,4A,4A,4A,TRUE,TRUE,TRUE,FALSE
55,4B,4B,4B,TRUE,TRUE,TRUE,FALSE
56,N/A,N/A,1,FALSE,TRUE,FALSE,FALSE
57,2,3,2,FALSE,FALSE,TRUE,TRUE
58,3,N/A,3,FALSE,FALSE,TRUE,TRUE
59,2,2,2,TRUE,TRUE,TRUE,FALSE
60,0,0,0,TRUE,TRUE,TRUE,FALSE
61,3,3,3,TRUE,TRUE,TRUE,FALSE
62,1,1,1,TRUE,TRUE,TRUE,FALSE
63,0,0,0,TRUE,TRUE,TRUE,FALSE
64,N/A,4B,N/A,FALSE,FALSE,TRUE,TRUE
65,0,0,0,TRUE,TRUE,TRUE,FALSE
66,3,3,3,TRUE,TRUE,TRUE,FALSE
67,4B,4B,4B,TRUE,TRUE,TRUE,FALSE
68,2,2,2,TRUE,TRUE,TRUE,FALSE
69,0,0,0,TRUE,TRUE,TRUE,FALSE
70,4B,4B,4B,TRUE,TRUE,TRUE,FALSE
71,4B,4B,4B,TRUE,TRUE,TRUE,FALSE
72,2,0,2,FALSE,FALSE,TRUE,TRUE
73,0,0,0,TRUE,TRUE,TRUE,FALSE
74,0,0,0,TRUE,TRUE,TRUE,FALSE
75,4X,4X,4X,TRUE,TRUE,TRUE,FALSE
76,2,2,2,TRUE,TRUE,TRUE,FALSE
77,4B,4B,4B,TRUE,TRUE,TRUE,FALSE
78,1,1,1,TRUE,TRUE,TRUE,FALSE
79,4A,4A,4A,TRUE,TRUE,TRUE,FALSE
80,1,4X,1,FALSE,FALSE,TRUE,TRUE
81,2,2,2,TRUE,TRUE,TRUE,FALSE
82,3,3,3,TRUE,TRUE,TRUE,FALSE
83,3,3,3,TRUE,TRUE,TRUE,FALSE
84,4X,4X,4X,TRUE,TRUE,TRUE,FALSE
85,1,1,1,TRUE,TRUE,TRUE,FALSE
86,2,2,2,TRUE,TRUE,TRUE,FALSE
87,4X,4X,4X,TRUE,TRUE,TRUE,FALSE
88,4A,4A,4A,TRUE,TRUE,TRUE,FALSE
89,0,0,0,TRUE,TRUE,TRUE,FALSE
90,4A,4A,4A,TRUE,TRUE,TRUE,FALSE
91,2,2,2,TRUE,TRUE,TRUE,FALSE
92,2,N/A,2,FALSE,FALSE,TRUE,TRUE
93,3,3,3,TRUE,TRUE,TRUE,FALSE
94,4X,4X,4X,TRUE,TRUE,TRUE,FALSE
95,3,3,3,TRUE,TRUE,TRUE,FALSE
96,1,1,1,TRUE,TRUE,TRUE,FALSE
97,4B,4B,4B,TRUE,TRUE,TRUE,FALSE
98,1,1,1,TRUE,TRUE,TRUE,FALSE
99,4B,4B,4B,TRUE,TRUE,TRUE,FALSE
100,N/A,N/A,2,FALSE,TRUE,FALSE,FALSE
